entity,label,mcu_context,source_url
Iron Man,FILM,True,https://en.wikipedia.org/wiki/Iron_Man_(2008_film)
Phase 1,PHASE,True,https://en.wikipedia.org/wiki/Iron_Man_(2008_film)
Marvel Cinematic Universe,FRANCHISE,True,https://en.wikipedia.org/wiki/Iron_Man_(2008_film)
Marvel Studios,STUDIO,True,https://en.wikipedia.org/wiki/Iron_Man_(2008_film)
United States,COUNTRY,True,https://en.wikipedia.org/wiki/Iron_Man_(2008_film)
2008-05-02,DATE,True,https://en.wikipedia.org/wiki/Iron_Man_(2008_film)
2008,YEAR,True,https://en.wikipedia.org/wiki/Iron_Man_(2008_film)
Jon Favreau,DIRECTOR,True,https://en.wikipedia.org/wiki/Iron_Man_(2008_film)
Action film,GENRE,True,https://en.wikipedia.org/wiki/Iron_Man_(2008_film)
Science fiction film,GENRE,True,https://en.wikipedia.org/wiki/Iron_Man_(2008_film)
Superhero film,GENRE,True,https://en.wikipedia.org/wiki/Iron_Man_(2008_film)
origin story,TAG,True,https://en.wikipedia.org/wiki/Iron_Man_(2008_film)
technology,TAG,True,https://en.wikipedia.org/wiki/Iron_Man_(2008_film)
armor,TAG,True,https://en.wikipedia.org/wiki/Iron_Man_(2008_film)
hero introduction,TAG,True,https://en.wikipedia.org/wiki/Iron_Man_(2008_film)
Robert Downey Jr.,ACTOR,True,https://en.wikipedia.org/wiki/Iron_Man_(2008_film)
Tony Stark,CHARACTER,True,https://en.wikipedia.org/wiki/Iron_Man_(2008_film)
Terrence Howard,ACTOR,True,https://en.wikipedia.org/wiki/Iron_Man_(2008_film)
James Rhodes,CHARACTER,True,https://en.wikipedia.org/wiki/Iron_Man_(2008_film)
Gwyneth Paltrow,ACTOR,True,https://en.wikipedia.org/wiki/Iron_Man_(2008_film)
Pepper Potts,CHARACTER,True,https://en.wikipedia.org/wiki/Iron_Man_(2008_film)
Jeff Bridges,ACTOR,True,https://en.wikipedia.org/wiki/Iron_Man_(2008_film)
Obadiah Stane,CHARACTER,True,https://en.wikipedia.org/wiki/Iron_Man_(2008_film)
Clark Gregg,ACTOR,True,https://en.wikipedia.org/wiki/Iron_Man_(2008_film)
Phil Coulson,CHARACTER,True,https://en.wikipedia.org/wiki/Iron_Man_(2008_film)
The Incredible Hulk,FILM,True,https://en.wikipedia.org/wiki/The_Incredible_Hulk_(film)
Phase 1,PHASE,True,https://en.wikipedia.org/wiki/The_Incredible_Hulk_(film)
Marvel Cinematic Universe,FRANCHISE,True,https://en.wikipedia.org/wiki/The_Incredible_Hulk_(film)
Marvel Studios,STUDIO,True,https://en.wikipedia.org/wiki/The_Incredible_Hulk_(film)
United States,COUNTRY,True,https://en.wikipedia.org/wiki/The_Incredible_Hulk_(film)
2008-06-13,DATE,True,https://en.wikipedia.org/wiki/The_Incredible_Hulk_(film)
2008,YEAR,True,https://en.wikipedia.org/wiki/The_Incredible_Hulk_(film)
Louis Leterrier,DIRECTOR,True,https://en.wikipedia.org/wiki/The_Incredible_Hulk_(film)
Action film,GENRE,True,https://en.wikipedia.org/wiki/The_Incredible_Hulk_(film)
Science fiction film,GENRE,True,https://en.wikipedia.org/wiki/The_Incredible_Hulk_(film)
Superhero film,GENRE,True,https://en.wikipedia.org/wiki/The_Incredible_Hulk_(film)
origin story,TAG,True,https://en.wikipedia.org/wiki/The_Incredible_Hulk_(film)
science experiment,TAG,True,https://en.wikipedia.org/wiki/The_Incredible_Hulk_(film)
monster,TAG,True,https://en.wikipedia.org/wiki/The_Incredible_Hulk_(film)
military pursuit,TAG,True,https://en.wikipedia.org/wiki/The_Incredible_Hulk_(film)
Edward Norton,ACTOR,True,https://en.wikipedia.org/wiki/The_Incredible_Hulk_(film)
Bruce Banner,CHARACTER,True,https://en.wikipedia.org/wiki/The_Incredible_Hulk_(film)
Liv Tyler,ACTOR,True,https://en.wikipedia.org/wiki/The_Incredible_Hulk_(film)
Betty Ross,CHARACTER,True,https://en.wikipedia.org/wiki/The_Incredible_Hulk_(film)
Tim Roth,ACTOR,True,https://en.wikipedia.org/wiki/The_Incredible_Hulk_(film)
Emil Blonsky,CHARACTER,True,https://en.wikipedia.org/wiki/The_Incredible_Hulk_(film)
William Hurt,ACTOR,True,https://en.wikipedia.org/wiki/The_Incredible_Hulk_(film)
Thaddeus Ross,CHARACTER,True,https://en.wikipedia.org/wiki/The_Incredible_Hulk_(film)
Tim Blake Nelson,ACTOR,True,https://en.wikipedia.org/wiki/The_Incredible_Hulk_(film)
Samuel Sterns,CHARACTER,True,https://en.wikipedia.org/wiki/The_Incredible_Hulk_(film)
Iron Man,FILM,True,https://en.wikipedia.org/wiki/The_Incredible_Hulk_(film)
Iron Man 2,FILM,True,https://en.wikipedia.org/wiki/Iron_Man_2
Phase 1,PHASE,True,https://en.wikipedia.org/wiki/Iron_Man_2
Marvel Cinematic Universe,FRANCHISE,True,https://en.wikipedia.org/wiki/Iron_Man_2
Marvel Studios,STUDIO,True,https://en.wikipedia.org/wiki/Iron_Man_2
United States,COUNTRY,True,https://en.wikipedia.org/wiki/Iron_Man_2
2010-05-07,DATE,True,https://en.wikipedia.org/wiki/Iron_Man_2
2010,YEAR,True,https://en.wikipedia.org/wiki/Iron_Man_2
Jon Favreau,DIRECTOR,True,https://en.wikipedia.org/wiki/Iron_Man_2
Action film,GENRE,True,https://en.wikipedia.org/wiki/Iron_Man_2
Science fiction film,GENRE,True,https://en.wikipedia.org/wiki/Iron_Man_2
Superhero film,GENRE,True,https://en.wikipedia.org/wiki/Iron_Man_2
technology,TAG,True,https://en.wikipedia.org/wiki/Iron_Man_2
legacy,TAG,True,https://en.wikipedia.org/wiki/Iron_Man_2
government pressure,TAG,True,https://en.wikipedia.org/wiki/Iron_Man_2
armor,TAG,True,https://en.wikipedia.org/wiki/Iron_Man_2
Robert Downey Jr.,ACTOR,True,https://en.wikipedia.org/wiki/Iron_Man_2
Tony Stark,CHARACTER,True,https://en.wikipedia.org/wiki/Iron_Man_2
Gwyneth Paltrow,ACTOR,True,https://en.wikipedia.org/wiki/Iron_Man_2
Pepper Potts,CHARACTER,True,https://en.wikipedia.org/wiki/Iron_Man_2
Don Cheadle,ACTOR,True,https://en.wikipedia.org/wiki/Iron_Man_2
James Rhodes,CHARACTER,True,https://en.wikipedia.org/wiki/Iron_Man_2
Scarlett Johansson,ACTOR,True,https://en.wikipedia.org/wiki/Iron_Man_2
Natasha Romanoff,CHARACTER,True,https://en.wikipedia.org/wiki/Iron_Man_2
Mickey Rourke,ACTOR,True,https://en.wikipedia.org/wiki/Iron_Man_2
Ivan Vanko,CHARACTER,True,https://en.wikipedia.org/wiki/Iron_Man_2
The Incredible Hulk,FILM,True,https://en.wikipedia.org/wiki/Iron_Man_2
Thor,FILM,True,https://en.wikipedia.org/wiki/Thor_(film)
Phase 1,PHASE,True,https://en.wikipedia.org/wiki/Thor_(film)
Marvel Cinematic Universe,FRANCHISE,True,https://en.wikipedia.org/wiki/Thor_(film)
Marvel Studios,STUDIO,True,https://en.wikipedia.org/wiki/Thor_(film)
United States,COUNTRY,True,https://en.wikipedia.org/wiki/Thor_(film)
2011-05-06,DATE,True,https://en.wikipedia.org/wiki/Thor_(film)
2011,YEAR,True,https://en.wikipedia.org/wiki/Thor_(film)
Kenneth Branagh,DIRECTOR,True,https://en.wikipedia.org/wiki/Thor_(film)
Action film,GENRE,True,https://en.wikipedia.org/wiki/Thor_(film)
Fantasy film,GENRE,True,https://en.wikipedia.org/wiki/Thor_(film)
Superhero film,GENRE,True,https://en.wikipedia.org/wiki/Thor_(film)
origin story,TAG,True,https://en.wikipedia.org/wiki/Thor_(film)
mythology,TAG,True,https://en.wikipedia.org/wiki/Thor_(film)
family conflict,TAG,True,https://en.wikipedia.org/wiki/Thor_(film)
cosmic,TAG,True,https://en.wikipedia.org/wiki/Thor_(film)
Chris Hemsworth,ACTOR,True,https://en.wikipedia.org/wiki/Thor_(film)
Thor,CHARACTER,True,https://en.wikipedia.org/wiki/Thor_(film)
Tom Hiddleston,ACTOR,True,https://en.wikipedia.org/wiki/Thor_(film)
Loki,CHARACTER,True,https://en.wikipedia.org/wiki/Thor_(film)
Natalie Portman,ACTOR,True,https://en.wikipedia.org/wiki/Thor_(film)
Jane Foster,CHARACTER,True,https://en.wikipedia.org/wiki/Thor_(film)
Anthony Hopkins,ACTOR,True,https://en.wikipedia.org/wiki/Thor_(film)
Odin,CHARACTER,True,https://en.wikipedia.org/wiki/Thor_(film)
Idris Elba,ACTOR,True,https://en.wikipedia.org/wiki/Thor_(film)
Heimdall,CHARACTER,True,https://en.wikipedia.org/wiki/Thor_(film)
Iron Man 2,FILM,True,https://en.wikipedia.org/wiki/Thor_(film)
Captain America: The First Avenger,FILM,True,https://en.wikipedia.org/wiki/Captain_America:_The_First_Avenger
Phase 1,PHASE,True,https://en.wikipedia.org/wiki/Captain_America:_The_First_Avenger
Marvel Cinematic Universe,FRANCHISE,True,https://en.wikipedia.org/wiki/Captain_America:_The_First_Avenger
Marvel Studios,STUDIO,True,https://en.wikipedia.org/wiki/Captain_America:_The_First_Avenger
United States,COUNTRY,True,https://en.wikipedia.org/wiki/Captain_America:_The_First_Avenger
2011-07-22,DATE,True,https://en.wikipedia.org/wiki/Captain_America:_The_First_Avenger
2011,YEAR,True,https://en.wikipedia.org/wiki/Captain_America:_The_First_Avenger
Joe Johnston,DIRECTOR,True,https://en.wikipedia.org/wiki/Captain_America:_The_First_Avenger
Action film,GENRE,True,https://en.wikipedia.org/wiki/Captain_America:_The_First_Avenger
War film,GENRE,True,https://en.wikipedia.org/wiki/Captain_America:_The_First_Avenger
Superhero film,GENRE,True,https://en.wikipedia.org/wiki/Captain_America:_The_First_Avenger
origin story,TAG,True,https://en.wikipedia.org/wiki/Captain_America:_The_First_Avenger
war,TAG,True,https://en.wikipedia.org/wiki/Captain_America:_The_First_Avenger
patriotism,TAG,True,https://en.wikipedia.org/wiki/Captain_America:_The_First_Avenger
historical,TAG,True,https://en.wikipedia.org/wiki/Captain_America:_The_First_Avenger
Chris Evans,ACTOR,True,https://en.wikipedia.org/wiki/Captain_America:_The_First_Avenger
Steve Rogers,CHARACTER,True,https://en.wikipedia.org/wiki/Captain_America:_The_First_Avenger
Hayley Atwell,ACTOR,True,https://en.wikipedia.org/wiki/Captain_America:_The_First_Avenger
Peggy Carter,CHARACTER,True,https://en.wikipedia.org/wiki/Captain_America:_The_First_Avenger
Sebastian Stan,ACTOR,True,https://en.wikipedia.org/wiki/Captain_America:_The_First_Avenger
Bucky Barnes,CHARACTER,True,https://en.wikipedia.org/wiki/Captain_America:_The_First_Avenger
Hugo Weaving,ACTOR,True,https://en.wikipedia.org/wiki/Captain_America:_The_First_Avenger
Red Skull,CHARACTER,True,https://en.wikipedia.org/wiki/Captain_America:_The_First_Avenger
Tommy Lee Jones,ACTOR,True,https://en.wikipedia.org/wiki/Captain_America:_The_First_Avenger
Chester Phillips,CHARACTER,True,https://en.wikipedia.org/wiki/Captain_America:_The_First_Avenger
Thor,FILM,True,https://en.wikipedia.org/wiki/Captain_America:_The_First_Avenger
The Avengers,FILM,True,https://en.wikipedia.org/wiki/The_Avengers_(2012_film)
Phase 1,PHASE,True,https://en.wikipedia.org/wiki/The_Avengers_(2012_film)
Marvel Cinematic Universe,FRANCHISE,True,https://en.wikipedia.org/wiki/The_Avengers_(2012_film)
Marvel Studios,STUDIO,True,https://en.wikipedia.org/wiki/The_Avengers_(2012_film)
United States,COUNTRY,True,https://en.wikipedia.org/wiki/The_Avengers_(2012_film)
2012-05-04,DATE,True,https://en.wikipedia.org/wiki/The_Avengers_(2012_film)
2012,YEAR,True,https://en.wikipedia.org/wiki/The_Avengers_(2012_film)
Joss Whedon,DIRECTOR,True,https://en.wikipedia.org/wiki/The_Avengers_(2012_film)
Action film,GENRE,True,https://en.wikipedia.org/wiki/The_Avengers_(2012_film)
Science fiction film,GENRE,True,https://en.wikipedia.org/wiki/The_Avengers_(2012_film)
Superhero film,GENRE,True,https://en.wikipedia.org/wiki/The_Avengers_(2012_film)
team up,TAG,True,https://en.wikipedia.org/wiki/The_Avengers_(2012_film)
ensemble,TAG,True,https://en.wikipedia.org/wiki/The_Avengers_(2012_film)
alien invasion,TAG,True,https://en.wikipedia.org/wiki/The_Avengers_(2012_film)
crossover,TAG,True,https://en.wikipedia.org/wiki/The_Avengers_(2012_film)
Robert Downey Jr.,ACTOR,True,https://en.wikipedia.org/wiki/The_Avengers_(2012_film)
Tony Stark,CHARACTER,True,https://en.wikipedia.org/wiki/The_Avengers_(2012_film)
Chris Evans,ACTOR,True,https://en.wikipedia.org/wiki/The_Avengers_(2012_film)
Steve Rogers,CHARACTER,True,https://en.wikipedia.org/wiki/The_Avengers_(2012_film)
Chris Hemsworth,ACTOR,True,https://en.wikipedia.org/wiki/The_Avengers_(2012_film)
Thor,CHARACTER,True,https://en.wikipedia.org/wiki/The_Avengers_(2012_film)
Mark Ruffalo,ACTOR,True,https://en.wikipedia.org/wiki/The_Avengers_(2012_film)
Bruce Banner,CHARACTER,True,https://en.wikipedia.org/wiki/The_Avengers_(2012_film)
Scarlett Johansson,ACTOR,True,https://en.wikipedia.org/wiki/The_Avengers_(2012_film)
Natasha Romanoff,CHARACTER,True,https://en.wikipedia.org/wiki/The_Avengers_(2012_film)
Jeremy Renner,ACTOR,True,https://en.wikipedia.org/wiki/The_Avengers_(2012_film)
Clint Barton,CHARACTER,True,https://en.wikipedia.org/wiki/The_Avengers_(2012_film)
Tom Hiddleston,ACTOR,True,https://en.wikipedia.org/wiki/The_Avengers_(2012_film)
Loki,CHARACTER,True,https://en.wikipedia.org/wiki/The_Avengers_(2012_film)
Captain America: The First Avenger,FILM,True,https://en.wikipedia.org/wiki/The_Avengers_(2012_film)
Captain America: The Winter Soldier,FILM,True,https://en.wikipedia.org/wiki/Captain_America:_The_Winter_Soldier
Phase 2,PHASE,True,https://en.wikipedia.org/wiki/Captain_America:_The_Winter_Soldier
Marvel Cinematic Universe,FRANCHISE,True,https://en.wikipedia.org/wiki/Captain_America:_The_Winter_Soldier
Marvel Studios,STUDIO,True,https://en.wikipedia.org/wiki/Captain_America:_The_Winter_Soldier
United States,COUNTRY,True,https://en.wikipedia.org/wiki/Captain_America:_The_Winter_Soldier
2014-04-04,DATE,True,https://en.wikipedia.org/wiki/Captain_America:_The_Winter_Soldier
2014,YEAR,True,https://en.wikipedia.org/wiki/Captain_America:_The_Winter_Soldier
Anthony Russo,DIRECTOR,True,https://en.wikipedia.org/wiki/Captain_America:_The_Winter_Soldier
Joe Russo,DIRECTOR,True,https://en.wikipedia.org/wiki/Captain_America:_The_Winter_Soldier
Action film,GENRE,True,https://en.wikipedia.org/wiki/Captain_America:_The_Winter_Soldier
Political thriller,GENRE,True,https://en.wikipedia.org/wiki/Captain_America:_The_Winter_Soldier
Superhero film,GENRE,True,https://en.wikipedia.org/wiki/Captain_America:_The_Winter_Soldier
espionage,TAG,True,https://en.wikipedia.org/wiki/Captain_America:_The_Winter_Soldier
conspiracy,TAG,True,https://en.wikipedia.org/wiki/Captain_America:_The_Winter_Soldier
friendship,TAG,True,https://en.wikipedia.org/wiki/Captain_America:_The_Winter_Soldier
surveillance,TAG,True,https://en.wikipedia.org/wiki/Captain_America:_The_Winter_Soldier
Chris Evans,ACTOR,True,https://en.wikipedia.org/wiki/Captain_America:_The_Winter_Soldier
Steve Rogers,CHARACTER,True,https://en.wikipedia.org/wiki/Captain_America:_The_Winter_Soldier
Scarlett Johansson,ACTOR,True,https://en.wikipedia.org/wiki/Captain_America:_The_Winter_Soldier
Natasha Romanoff,CHARACTER,True,https://en.wikipedia.org/wiki/Captain_America:_The_Winter_Soldier
Sebastian Stan,ACTOR,True,https://en.wikipedia.org/wiki/Captain_America:_The_Winter_Soldier
Bucky Barnes,CHARACTER,True,https://en.wikipedia.org/wiki/Captain_America:_The_Winter_Soldier
Anthony Mackie,ACTOR,True,https://en.wikipedia.org/wiki/Captain_America:_The_Winter_Soldier
Sam Wilson,CHARACTER,True,https://en.wikipedia.org/wiki/Captain_America:_The_Winter_Soldier
Samuel L. Jackson,ACTOR,True,https://en.wikipedia.org/wiki/Captain_America:_The_Winter_Soldier
Nick Fury,CHARACTER,True,https://en.wikipedia.org/wiki/Captain_America:_The_Winter_Soldier
The Avengers,FILM,True,https://en.wikipedia.org/wiki/Captain_America:_The_Winter_Soldier
Guardians of the Galaxy,FILM,True,https://en.wikipedia.org/wiki/Guardians_of_the_Galaxy_(film)
Phase 2,PHASE,True,https://en.wikipedia.org/wiki/Guardians_of_the_Galaxy_(film)
Marvel Cinematic Universe,FRANCHISE,True,https://en.wikipedia.org/wiki/Guardians_of_the_Galaxy_(film)
Marvel Studios,STUDIO,True,https://en.wikipedia.org/wiki/Guardians_of_the_Galaxy_(film)
United States,COUNTRY,True,https://en.wikipedia.org/wiki/Guardians_of_the_Galaxy_(film)
2014-08-01,DATE,True,https://en.wikipedia.org/wiki/Guardians_of_the_Galaxy_(film)
2014,YEAR,True,https://en.wikipedia.org/wiki/Guardians_of_the_Galaxy_(film)
James Gunn,DIRECTOR,True,https://en.wikipedia.org/wiki/Guardians_of_the_Galaxy_(film)
Action film,GENRE,True,https://en.wikipedia.org/wiki/Guardians_of_the_Galaxy_(film)
Science fiction film,GENRE,True,https://en.wikipedia.org/wiki/Guardians_of_the_Galaxy_(film)
Space opera,GENRE,True,https://en.wikipedia.org/wiki/Guardians_of_the_Galaxy_(film)
cosmic,TAG,True,https://en.wikipedia.org/wiki/Guardians_of_the_Galaxy_(film)
team up,TAG,True,https://en.wikipedia.org/wiki/Guardians_of_the_Galaxy_(film)
humor,TAG,True,https://en.wikipedia.org/wiki/Guardians_of_the_Galaxy_(film)
outlaws,TAG,True,https://en.wikipedia.org/wiki/Guardians_of_the_Galaxy_(film)
Chris Pratt,ACTOR,True,https://en.wikipedia.org/wiki/Guardians_of_the_Galaxy_(film)
Peter Quill,CHARACTER,True,https://en.wikipedia.org/wiki/Guardians_of_the_Galaxy_(film)
Zoe Saldana,ACTOR,True,https://en.wikipedia.org/wiki/Guardians_of_the_Galaxy_(film)
Gamora,CHARACTER,True,https://en.wikipedia.org/wiki/Guardians_of_the_Galaxy_(film)
Dave Bautista,ACTOR,True,https://en.wikipedia.org/wiki/Guardians_of_the_Galaxy_(film)
Drax,CHARACTER,True,https://en.wikipedia.org/wiki/Guardians_of_the_Galaxy_(film)
Vin Diesel,ACTOR,True,https://en.wikipedia.org/wiki/Guardians_of_the_Galaxy_(film)
Groot,CHARACTER,True,https://en.wikipedia.org/wiki/Guardians_of_the_Galaxy_(film)
Bradley Cooper,ACTOR,True,https://en.wikipedia.org/wiki/Guardians_of_the_Galaxy_(film)
Rocket,CHARACTER,True,https://en.wikipedia.org/wiki/Guardians_of_the_Galaxy_(film)
Lee Pace,ACTOR,True,https://en.wikipedia.org/wiki/Guardians_of_the_Galaxy_(film)
Ronan,CHARACTER,True,https://en.wikipedia.org/wiki/Guardians_of_the_Galaxy_(film)
Captain America: The Winter Soldier,FILM,True,https://en.wikipedia.org/wiki/Guardians_of_the_Galaxy_(film)
Avengers: Age of Ultron,FILM,True,https://en.wikipedia.org/wiki/Avengers:_Age_of_Ultron
Phase 2,PHASE,True,https://en.wikipedia.org/wiki/Avengers:_Age_of_Ultron
Marvel Cinematic Universe,FRANCHISE,True,https://en.wikipedia.org/wiki/Avengers:_Age_of_Ultron
Marvel Studios,STUDIO,True,https://en.wikipedia.org/wiki/Avengers:_Age_of_Ultron
United States,COUNTRY,True,https://en.wikipedia.org/wiki/Avengers:_Age_of_Ultron
2015-05-01,DATE,True,https://en.wikipedia.org/wiki/Avengers:_Age_of_Ultron
2015,YEAR,True,https://en.wikipedia.org/wiki/Avengers:_Age_of_Ultron
Joss Whedon,DIRECTOR,True,https://en.wikipedia.org/wiki/Avengers:_Age_of_Ultron
Action film,GENRE,True,https://en.wikipedia.org/wiki/Avengers:_Age_of_Ultron
Science fiction film,GENRE,True,https://en.wikipedia.org/wiki/Avengers:_Age_of_Ultron
Superhero film,GENRE,True,https://en.wikipedia.org/wiki/Avengers:_Age_of_Ultron
team up,TAG,True,https://en.wikipedia.org/wiki/Avengers:_Age_of_Ultron
artificial intelligence,TAG,True,https://en.wikipedia.org/wiki/Avengers:_Age_of_Ultron
global threat,TAG,True,https://en.wikipedia.org/wiki/Avengers:_Age_of_Ultron
ensemble,TAG,True,https://en.wikipedia.org/wiki/Avengers:_Age_of_Ultron
Robert Downey Jr.,ACTOR,True,https://en.wikipedia.org/wiki/Avengers:_Age_of_Ultron
Tony Stark,CHARACTER,True,https://en.wikipedia.org/wiki/Avengers:_Age_of_Ultron
Chris Evans,ACTOR,True,https://en.wikipedia.org/wiki/Avengers:_Age_of_Ultron
Steve Rogers,CHARACTER,True,https://en.wikipedia.org/wiki/Avengers:_Age_of_Ultron
Chris Hemsworth,ACTOR,True,https://en.wikipedia.org/wiki/Avengers:_Age_of_Ultron
Thor,CHARACTER,True,https://en.wikipedia.org/wiki/Avengers:_Age_of_Ultron
Mark Ruffalo,ACTOR,True,https://en.wikipedia.org/wiki/Avengers:_Age_of_Ultron
Bruce Banner,CHARACTER,True,https://en.wikipedia.org/wiki/Avengers:_Age_of_Ultron
Scarlett Johansson,ACTOR,True,https://en.wikipedia.org/wiki/Avengers:_Age_of_Ultron
Natasha Romanoff,CHARACTER,True,https://en.wikipedia.org/wiki/Avengers:_Age_of_Ultron
Jeremy Renner,ACTOR,True,https://en.wikipedia.org/wiki/Avengers:_Age_of_Ultron
Clint Barton,CHARACTER,True,https://en.wikipedia.org/wiki/Avengers:_Age_of_Ultron
James Spader,ACTOR,True,https://en.wikipedia.org/wiki/Avengers:_Age_of_Ultron
Ultron,CHARACTER,True,https://en.wikipedia.org/wiki/Avengers:_Age_of_Ultron
Guardians of the Galaxy,FILM,True,https://en.wikipedia.org/wiki/Avengers:_Age_of_Ultron
Captain America: Civil War,FILM,True,https://en.wikipedia.org/wiki/Captain_America:_Civil_War
Phase 3,PHASE,True,https://en.wikipedia.org/wiki/Captain_America:_Civil_War
Marvel Cinematic Universe,FRANCHISE,True,https://en.wikipedia.org/wiki/Captain_America:_Civil_War
Marvel Studios,STUDIO,True,https://en.wikipedia.org/wiki/Captain_America:_Civil_War
United States,COUNTRY,True,https://en.wikipedia.org/wiki/Captain_America:_Civil_War
2016-05-06,DATE,True,https://en.wikipedia.org/wiki/Captain_America:_Civil_War
2016,YEAR,True,https://en.wikipedia.org/wiki/Captain_America:_Civil_War
Anthony Russo,DIRECTOR,True,https://en.wikipedia.org/wiki/Captain_America:_Civil_War
Joe Russo,DIRECTOR,True,https://en.wikipedia.org/wiki/Captain_America:_Civil_War
Action film,GENRE,True,https://en.wikipedia.org/wiki/Captain_America:_Civil_War
Science fiction film,GENRE,True,https://en.wikipedia.org/wiki/Captain_America:_Civil_War
Superhero film,GENRE,True,https://en.wikipedia.org/wiki/Captain_America:_Civil_War
team conflict,TAG,True,https://en.wikipedia.org/wiki/Captain_America:_Civil_War
politics,TAG,True,https://en.wikipedia.org/wiki/Captain_America:_Civil_War
ensemble,TAG,True,https://en.wikipedia.org/wiki/Captain_America:_Civil_War
crossover,TAG,True,https://en.wikipedia.org/wiki/Captain_America:_Civil_War
Chris Evans,ACTOR,True,https://en.wikipedia.org/wiki/Captain_America:_Civil_War
Steve Rogers,CHARACTER,True,https://en.wikipedia.org/wiki/Captain_America:_Civil_War
Robert Downey Jr.,ACTOR,True,https://en.wikipedia.org/wiki/Captain_America:_Civil_War
Tony Stark,CHARACTER,True,https://en.wikipedia.org/wiki/Captain_America:_Civil_War
Scarlett Johansson,ACTOR,True,https://en.wikipedia.org/wiki/Captain_America:_Civil_War
Natasha Romanoff,CHARACTER,True,https://en.wikipedia.org/wiki/Captain_America:_Civil_War
Sebastian Stan,ACTOR,True,https://en.wikipedia.org/wiki/Captain_America:_Civil_War
Bucky Barnes,CHARACTER,True,https://en.wikipedia.org/wiki/Captain_America:_Civil_War
Chadwick Boseman,ACTOR,True,https://en.wikipedia.org/wiki/Captain_America:_Civil_War
T'Challa,CHARACTER,True,https://en.wikipedia.org/wiki/Captain_America:_Civil_War
Tom Holland,ACTOR,True,https://en.wikipedia.org/wiki/Captain_America:_Civil_War
Peter Parker,CHARACTER,True,https://en.wikipedia.org/wiki/Captain_America:_Civil_War
Daniel Bruhl,ACTOR,True,https://en.wikipedia.org/wiki/Captain_America:_Civil_War
Helmut Zemo,CHARACTER,True,https://en.wikipedia.org/wiki/Captain_America:_Civil_War
Avengers: Age of Ultron,FILM,True,https://en.wikipedia.org/wiki/Captain_America:_Civil_War
Doctor Strange,FILM,True,https://en.wikipedia.org/wiki/Doctor_Strange_(2016_film)
Phase 3,PHASE,True,https://en.wikipedia.org/wiki/Doctor_Strange_(2016_film)
Marvel Cinematic Universe,FRANCHISE,True,https://en.wikipedia.org/wiki/Doctor_Strange_(2016_film)
Marvel Studios,STUDIO,True,https://en.wikipedia.org/wiki/Doctor_Strange_(2016_film)
United States,COUNTRY,True,https://en.wikipedia.org/wiki/Doctor_Strange_(2016_film)
2016-11-04,DATE,True,https://en.wikipedia.org/wiki/Doctor_Strange_(2016_film)
2016,YEAR,True,https://en.wikipedia.org/wiki/Doctor_Strange_(2016_film)
Scott Derrickson,DIRECTOR,True,https://en.wikipedia.org/wiki/Doctor_Strange_(2016_film)
Action film,GENRE,True,https://en.wikipedia.org/wiki/Doctor_Strange_(2016_film)
Fantasy film,GENRE,True,https://en.wikipedia.org/wiki/Doctor_Strange_(2016_film)
Superhero film,GENRE,True,https://en.wikipedia.org/wiki/Doctor_Strange_(2016_film)
origin story,TAG,True,https://en.wikipedia.org/wiki/Doctor_Strange_(2016_film)
magic,TAG,True,https://en.wikipedia.org/wiki/Doctor_Strange_(2016_film)
multiverse,TAG,True,https://en.wikipedia.org/wiki/Doctor_Strange_(2016_film)
mysticism,TAG,True,https://en.wikipedia.org/wiki/Doctor_Strange_(2016_film)
Benedict Cumberbatch,ACTOR,True,https://en.wikipedia.org/wiki/Doctor_Strange_(2016_film)
Stephen Strange,CHARACTER,True,https://en.wikipedia.org/wiki/Doctor_Strange_(2016_film)
Chiwetel Ejiofor,ACTOR,True,https://en.wikipedia.org/wiki/Doctor_Strange_(2016_film)
Karl Mordo,CHARACTER,True,https://en.wikipedia.org/wiki/Doctor_Strange_(2016_film)
Rachel McAdams,ACTOR,True,https://en.wikipedia.org/wiki/Doctor_Strange_(2016_film)
Christine Palmer,CHARACTER,True,https://en.wikipedia.org/wiki/Doctor_Strange_(2016_film)
Benedict Wong,ACTOR,True,https://en.wikipedia.org/wiki/Doctor_Strange_(2016_film)
Wong,CHARACTER,True,https://en.wikipedia.org/wiki/Doctor_Strange_(2016_film)
Mads Mikkelsen,ACTOR,True,https://en.wikipedia.org/wiki/Doctor_Strange_(2016_film)
Kaecilius,CHARACTER,True,https://en.wikipedia.org/wiki/Doctor_Strange_(2016_film)
Captain America: Civil War,FILM,True,https://en.wikipedia.org/wiki/Doctor_Strange_(2016_film)
Black Panther,FILM,True,https://en.wikipedia.org/wiki/Black_Panther_(film)
Phase 3,PHASE,True,https://en.wikipedia.org/wiki/Black_Panther_(film)
Marvel Cinematic Universe,FRANCHISE,True,https://en.wikipedia.org/wiki/Black_Panther_(film)
Marvel Studios,STUDIO,True,https://en.wikipedia.org/wiki/Black_Panther_(film)
United States,COUNTRY,True,https://en.wikipedia.org/wiki/Black_Panther_(film)
2018-02-16,DATE,True,https://en.wikipedia.org/wiki/Black_Panther_(film)
2018,YEAR,True,https://en.wikipedia.org/wiki/Black_Panther_(film)
Ryan Coogler,DIRECTOR,True,https://en.wikipedia.org/wiki/Black_Panther_(film)
Action film,GENRE,True,https://en.wikipedia.org/wiki/Black_Panther_(film)
Science fiction film,GENRE,True,https://en.wikipedia.org/wiki/Black_Panther_(film)
Superhero film,GENRE,True,https://en.wikipedia.org/wiki/Black_Panther_(film)
nation,TAG,True,https://en.wikipedia.org/wiki/Black_Panther_(film)
technology,TAG,True,https://en.wikipedia.org/wiki/Black_Panther_(film)
legacy,TAG,True,https://en.wikipedia.org/wiki/Black_Panther_(film)
identity,TAG,True,https://en.wikipedia.org/wiki/Black_Panther_(film)
Chadwick Boseman,ACTOR,True,https://en.wikipedia.org/wiki/Black_Panther_(film)
T'Challa,CHARACTER,True,https://en.wikipedia.org/wiki/Black_Panther_(film)
Michael B. Jordan,ACTOR,True,https://en.wikipedia.org/wiki/Black_Panther_(film)
Erik Killmonger,CHARACTER,True,https://en.wikipedia.org/wiki/Black_Panther_(film)
Lupita Nyong'o,ACTOR,True,https://en.wikipedia.org/wiki/Black_Panther_(film)
Nakia,CHARACTER,True,https://en.wikipedia.org/wiki/Black_Panther_(film)
Danai Gurira,ACTOR,True,https://en.wikipedia.org/wiki/Black_Panther_(film)
Okoye,CHARACTER,True,https://en.wikipedia.org/wiki/Black_Panther_(film)
Letitia Wright,ACTOR,True,https://en.wikipedia.org/wiki/Black_Panther_(film)
Shuri,CHARACTER,True,https://en.wikipedia.org/wiki/Black_Panther_(film)
Doctor Strange,FILM,True,https://en.wikipedia.org/wiki/Black_Panther_(film)
Thor: Ragnarok,FILM,True,https://en.wikipedia.org/wiki/Thor:_Ragnarok
Phase 3,PHASE,True,https://en.wikipedia.org/wiki/Thor:_Ragnarok
Marvel Cinematic Universe,FRANCHISE,True,https://en.wikipedia.org/wiki/Thor:_Ragnarok
Marvel Studios,STUDIO,True,https://en.wikipedia.org/wiki/Thor:_Ragnarok
United States,COUNTRY,True,https://en.wikipedia.org/wiki/Thor:_Ragnarok
2017-11-03,DATE,True,https://en.wikipedia.org/wiki/Thor:_Ragnarok
2017,YEAR,True,https://en.wikipedia.org/wiki/Thor:_Ragnarok
Taika Waititi,DIRECTOR,True,https://en.wikipedia.org/wiki/Thor:_Ragnarok
Action film,GENRE,True,https://en.wikipedia.org/wiki/Thor:_Ragnarok
Comedy film,GENRE,True,https://en.wikipedia.org/wiki/Thor:_Ragnarok
Superhero film,GENRE,True,https://en.wikipedia.org/wiki/Thor:_Ragnarok
cosmic,TAG,True,https://en.wikipedia.org/wiki/Thor:_Ragnarok
comedy,TAG,True,https://en.wikipedia.org/wiki/Thor:_Ragnarok
mythology,TAG,True,https://en.wikipedia.org/wiki/Thor:_Ragnarok
team up,TAG,True,https://en.wikipedia.org/wiki/Thor:_Ragnarok
Chris Hemsworth,ACTOR,True,https://en.wikipedia.org/wiki/Thor:_Ragnarok
Thor,CHARACTER,True,https://en.wikipedia.org/wiki/Thor:_Ragnarok
Tom Hiddleston,ACTOR,True,https://en.wikipedia.org/wiki/Thor:_Ragnarok
Loki,CHARACTER,True,https://en.wikipedia.org/wiki/Thor:_Ragnarok
Tessa Thompson,ACTOR,True,https://en.wikipedia.org/wiki/Thor:_Ragnarok
Valkyrie,CHARACTER,True,https://en.wikipedia.org/wiki/Thor:_Ragnarok
Mark Ruffalo,ACTOR,True,https://en.wikipedia.org/wiki/Thor:_Ragnarok
Bruce Banner,CHARACTER,True,https://en.wikipedia.org/wiki/Thor:_Ragnarok
Cate Blanchett,ACTOR,True,https://en.wikipedia.org/wiki/Thor:_Ragnarok
Hela,CHARACTER,True,https://en.wikipedia.org/wiki/Thor:_Ragnarok
Black Panther,FILM,True,https://en.wikipedia.org/wiki/Thor:_Ragnarok
Avengers: Infinity War,FILM,True,https://en.wikipedia.org/wiki/Avengers:_Infinity_War
Phase 3,PHASE,True,https://en.wikipedia.org/wiki/Avengers:_Infinity_War
Marvel Cinematic Universe,FRANCHISE,True,https://en.wikipedia.org/wiki/Avengers:_Infinity_War
Marvel Studios,STUDIO,True,https://en.wikipedia.org/wiki/Avengers:_Infinity_War
United States,COUNTRY,True,https://en.wikipedia.org/wiki/Avengers:_Infinity_War
2018-04-27,DATE,True,https://en.wikipedia.org/wiki/Avengers:_Infinity_War
2018,YEAR,True,https://en.wikipedia.org/wiki/Avengers:_Infinity_War
Anthony Russo,DIRECTOR,True,https://en.wikipedia.org/wiki/Avengers:_Infinity_War
Joe Russo,DIRECTOR,True,https://en.wikipedia.org/wiki/Avengers:_Infinity_War
Action film,GENRE,True,https://en.wikipedia.org/wiki/Avengers:_Infinity_War
Science fiction film,GENRE,True,https://en.wikipedia.org/wiki/Avengers:_Infinity_War
Superhero film,GENRE,True,https://en.wikipedia.org/wiki/Avengers:_Infinity_War
team up,TAG,True,https://en.wikipedia.org/wiki/Avengers:_Infinity_War
cosmic,TAG,True,https://en.wikipedia.org/wiki/Avengers:_Infinity_War
ensemble,TAG,True,https://en.wikipedia.org/wiki/Avengers:_Infinity_War
saga climax,TAG,True,https://en.wikipedia.org/wiki/Avengers:_Infinity_War
Robert Downey Jr.,ACTOR,True,https://en.wikipedia.org/wiki/Avengers:_Infinity_War
Tony Stark,CHARACTER,True,https://en.wikipedia.org/wiki/Avengers:_Infinity_War
Chris Evans,ACTOR,True,https://en.wikipedia.org/wiki/Avengers:_Infinity_War
Steve Rogers,CHARACTER,True,https://en.wikipedia.org/wiki/Avengers:_Infinity_War
Chris Hemsworth,ACTOR,True,https://en.wikipedia.org/wiki/Avengers:_Infinity_War
Thor,CHARACTER,True,https://en.wikipedia.org/wiki/Avengers:_Infinity_War
Mark Ruffalo,ACTOR,True,https://en.wikipedia.org/wiki/Avengers:_Infinity_War
Bruce Banner,CHARACTER,True,https://en.wikipedia.org/wiki/Avengers:_Infinity_War
Tom Holland,ACTOR,True,https://en.wikipedia.org/wiki/Avengers:_Infinity_War
Peter Parker,CHARACTER,True,https://en.wikipedia.org/wiki/Avengers:_Infinity_War
Benedict Cumberbatch,ACTOR,True,https://en.wikipedia.org/wiki/Avengers:_Infinity_War
Stephen Strange,CHARACTER,True,https://en.wikipedia.org/wiki/Avengers:_Infinity_War
Josh Brolin,ACTOR,True,https://en.wikipedia.org/wiki/Avengers:_Infinity_War
Thanos,CHARACTER,True,https://en.wikipedia.org/wiki/Avengers:_Infinity_War
Thor: Ragnarok,FILM,True,https://en.wikipedia.org/wiki/Avengers:_Infinity_War
Captain Marvel,FILM,True,https://en.wikipedia.org/wiki/Captain_Marvel_(film)
Phase 3,PHASE,True,https://en.wikipedia.org/wiki/Captain_Marvel_(film)
Marvel Cinematic Universe,FRANCHISE,True,https://en.wikipedia.org/wiki/Captain_Marvel_(film)
Marvel Studios,STUDIO,True,https://en.wikipedia.org/wiki/Captain_Marvel_(film)
United States,COUNTRY,True,https://en.wikipedia.org/wiki/Captain_Marvel_(film)
2019-03-08,DATE,True,https://en.wikipedia.org/wiki/Captain_Marvel_(film)
2019,YEAR,True,https://en.wikipedia.org/wiki/Captain_Marvel_(film)
Anna Boden,DIRECTOR,True,https://en.wikipedia.org/wiki/Captain_Marvel_(film)
Ryan Fleck,DIRECTOR,True,https://en.wikipedia.org/wiki/Captain_Marvel_(film)
Action film,GENRE,True,https://en.wikipedia.org/wiki/Captain_Marvel_(film)
Science fiction film,GENRE,True,https://en.wikipedia.org/wiki/Captain_Marvel_(film)
Superhero film,GENRE,True,https://en.wikipedia.org/wiki/Captain_Marvel_(film)
origin story,TAG,True,https://en.wikipedia.org/wiki/Captain_Marvel_(film)
cosmic,TAG,True,https://en.wikipedia.org/wiki/Captain_Marvel_(film)
memory,TAG,True,https://en.wikipedia.org/wiki/Captain_Marvel_(film)
identity,TAG,True,https://en.wikipedia.org/wiki/Captain_Marvel_(film)
Brie Larson,ACTOR,True,https://en.wikipedia.org/wiki/Captain_Marvel_(film)
Carol Danvers,CHARACTER,True,https://en.wikipedia.org/wiki/Captain_Marvel_(film)
Samuel L. Jackson,ACTOR,True,https://en.wikipedia.org/wiki/Captain_Marvel_(film)
Nick Fury,CHARACTER,True,https://en.wikipedia.org/wiki/Captain_Marvel_(film)
Ben Mendelsohn,ACTOR,True,https://en.wikipedia.org/wiki/Captain_Marvel_(film)
Talos,CHARACTER,True,https://en.wikipedia.org/wiki/Captain_Marvel_(film)
Jude Law,ACTOR,True,https://en.wikipedia.org/wiki/Captain_Marvel_(film)
Yon-Rogg,CHARACTER,True,https://en.wikipedia.org/wiki/Captain_Marvel_(film)
Lashana Lynch,ACTOR,True,https://en.wikipedia.org/wiki/Captain_Marvel_(film)
Maria Rambeau,CHARACTER,True,https://en.wikipedia.org/wiki/Captain_Marvel_(film)
Avengers: Infinity War,FILM,True,https://en.wikipedia.org/wiki/Captain_Marvel_(film)
Avengers: Endgame,FILM,True,https://en.wikipedia.org/wiki/Avengers:_Endgame
Phase 3,PHASE,True,https://en.wikipedia.org/wiki/Avengers:_Endgame
Marvel Cinematic Universe,FRANCHISE,True,https://en.wikipedia.org/wiki/Avengers:_Endgame
Marvel Studios,STUDIO,True,https://en.wikipedia.org/wiki/Avengers:_Endgame
United States,COUNTRY,True,https://en.wikipedia.org/wiki/Avengers:_Endgame
2019-04-26,DATE,True,https://en.wikipedia.org/wiki/Avengers:_Endgame
2019,YEAR,True,https://en.wikipedia.org/wiki/Avengers:_Endgame
Anthony Russo,DIRECTOR,True,https://en.wikipedia.org/wiki/Avengers:_Endgame
Joe Russo,DIRECTOR,True,https://en.wikipedia.org/wiki/Avengers:_Endgame
Action film,GENRE,True,https://en.wikipedia.org/wiki/Avengers:_Endgame
Science fiction film,GENRE,True,https://en.wikipedia.org/wiki/Avengers:_Endgame
Superhero film,GENRE,True,https://en.wikipedia.org/wiki/Avengers:_Endgame
team up,TAG,True,https://en.wikipedia.org/wiki/Avengers:_Endgame
time travel,TAG,True,https://en.wikipedia.org/wiki/Avengers:_Endgame
ensemble,TAG,True,https://en.wikipedia.org/wiki/Avengers:_Endgame
saga climax,TAG,True,https://en.wikipedia.org/wiki/Avengers:_Endgame
Robert Downey Jr.,ACTOR,True,https://en.wikipedia.org/wiki/Avengers:_Endgame
Tony Stark,CHARACTER,True,https://en.wikipedia.org/wiki/Avengers:_Endgame
Chris Evans,ACTOR,True,https://en.wikipedia.org/wiki/Avengers:_Endgame
Steve Rogers,CHARACTER,True,https://en.wikipedia.org/wiki/Avengers:_Endgame
Chris Hemsworth,ACTOR,True,https://en.wikipedia.org/wiki/Avengers:_Endgame
Thor,CHARACTER,True,https://en.wikipedia.org/wiki/Avengers:_Endgame
Mark Ruffalo,ACTOR,True,https://en.wikipedia.org/wiki/Avengers:_Endgame
Bruce Banner,CHARACTER,True,https://en.wikipedia.org/wiki/Avengers:_Endgame
Scarlett Johansson,ACTOR,True,https://en.wikipedia.org/wiki/Avengers:_Endgame
Natasha Romanoff,CHARACTER,True,https://en.wikipedia.org/wiki/Avengers:_Endgame
Jeremy Renner,ACTOR,True,https://en.wikipedia.org/wiki/Avengers:_Endgame
Clint Barton,CHARACTER,True,https://en.wikipedia.org/wiki/Avengers:_Endgame
Josh Brolin,ACTOR,True,https://en.wikipedia.org/wiki/Avengers:_Endgame
Thanos,CHARACTER,True,https://en.wikipedia.org/wiki/Avengers:_Endgame
Captain Marvel,FILM,True,https://en.wikipedia.org/wiki/Avengers:_Endgame
